{"cameraMode":{"drawMode":0,"name":"Shaded","section":"Shading Mode"},"sceneLighting":true,"audioPlay":false,"sceneViewState":{"m_AlwaysRefresh":false,"showFog":true,"showSkybox":true,"showFlares":true,"showImageEffects":true,"showParticleSystems":true,"showVisualEffectGraphs":true,"m_FxEnabled":true},"in2DMode":false,"pivot":{"x":-3.6726744174957277,"y":15.109492301940918,"z":-14.825984954833985},"rotation":{"x":-0.3609692454338074,"y":-0.00532707292586565,"z":0.0020717510487884285,"w":-0.9325695633888245},"size":10.003342628479004,"orthographic":true}