{"cameraMode":{"drawMode":0,"name":"Shaded","section":"Shading Mode"},"sceneLighting":false,"audioPlay":false,"sceneViewState":{"m_AlwaysRefresh":false,"showFog":true,"showSkybox":false,"showFlares":true,"showImageEffects":true,"showParticleSystems":true,"showVisualEffectGraphs":true,"m_FxEnabled":true},"in2DMode":false,"pivot":{"x":-4.100000381469727,"y":12.149999618530274,"z":-42.279998779296878},"rotation":{"x":-0.08074174076318741,"y":0.10802578926086426,"z":-0.008802602998912335,"w":-0.9908245205879211},"size":12.12435531616211,"orthographic":false}